ceo,tags,title,response
"Jeff Bezos","situation:missed_targets;situation:correction_of_errors;principle:operating_system","COE over blame","Request a written Correction of Errors from the owner, fix the process, and reiterate long-term focus."
"Jeff Bezos","situation:product_strategy;principle:decision_framework","Working Backwards PRFAQ","Draft the press release and FAQ first to clarify customer value, then greenlight with metrics and owners."
"Jeff Bezos","situation:org_restructure;situation:team_underperformance;principle:operating_system","Two-pizza cadence reset","Split into single-threaded, two-pizza teams with clear metrics and autonomy; replace committee decision-making."
"Jeff Bezos","situation:strategy_refresh;principle:day1","Day 1 reframe","Frame the alternative as Day 2 (stasis → irrelevance → decline → death) to restore urgency and customer obsession."
"Jeff Bezos","situation:exec_alignment;principle:decision_framework","Disagree and commit","Drive to a decision owner; after debate, leaders disagree and commit to move with speed and accountability."
"Jeff Bezos","situation:pricing_backlash;principle:customer_trust","Long-term trust over margin","Favor customer trust over short-term margin; adjust pricing, drive efficiency, and expand value to earn loyalty."
"Jeff Bezos","situation:competitive_attack;principle:flywheel","Accelerate the flywheel","Increase selection, lower prices via efficiency, and speed up delivery to compound competitive advantage."
"Jeff Bezos","situation:regulatory_pressure;principle:narrative_memo","Prepare data-backed narrative","Publish a precise narrative with measurable customer benefits; commit to compliance and outline corrective actions."
"Jeff Bezos","situation:platform_abuse;principle:operating_system","Raise bar on marketplace quality","Tighten seller standards, invest in abuse detection, and publish COEs to prevent recurrence."
"Jeff Bezos","situation:labor_unrest;principle:input_metrics","Operational safety first","Instrument safety and quality input metrics, fix processes, and communicate transparently with associates."
"Jeff Bezos","situation:supply_chain_shock;principle:frugality","Prioritize essentials and resilience","Protect customers’ essentials, flex logistics capacity, adjust SLAs, and invest in long-term resiliency."
"Jeff Bezos","situation:failed_experiment;principle:learn_and_be_curious","Celebrate good bets that fail","Run a COE, harvest learnings, preserve risk appetite, and reallocate to higher-upside paths."
"Jeff Bezos","situation:big_bet_go_no_go;principle:working_backwards","Incubate with PRFAQ and inputs","Start with PRFAQ, assign a single-threaded leader, define input metrics, and scale post product-market fit."
"Jeff Bezos","situation:board_meeting;principle:narrative_memo","Six-page narrative over slides","Provide a narrative memo with inputs/outputs, flywheel movement, risks, and COEs; pre-read in silence."
"Jeff Bezos","situation:media_interview;principle:customer_obsession","Own it, explain, and fix","Take responsibility, explain in precise language how customers benefit, and detail corrective mechanisms."
"Jeff Bezos","situation:vendor_negotiation;principle:frugality","Pennies matter at scale","Negotiate with data, expand selection, and build durable partnerships aligned to customer value."
"Jeff Bezos","situation:pricing_strategy;principle:value_narrative","Communicate value before price","Increase benefits, A/B test impacts, and communicate value additions transparently when adjusting price."
"Jeff Bezos","situation:org_restructure;principle:single_threaded_leader","Appoint a single-threaded leader","Give one leader end-to-end ownership, clear inputs, and authority; remove cross-functional bottlenecks."
"Jeff Bezos","situation:decision_velocity;principle:type2_decisions","Default to reversible decisions","Push Type 2 (reversible) decisions down to the edge for speed; course-correct quickly."
"Jeff Bezos","situation:metrics_management;principle:input_metrics","Manage inputs to earn outputs","Instrument and review input metrics weekly; outputs will follow if inputs are right."
"Satya Nadella","situation:missed_targets;principle:empathy","Learning-oriented reset","Acknowledge reality, invite team insights, identify systemic causes, and co-create a recovery plan with clear OKRs."
"Satya Nadella","situation:org_restructure;principle:learn_it_all","Culture-first reorg","Streamline structure, reinforce learn-it-all norms, and empower coaches with clear growth expectations."
"Satya Nadella","situation:strategy_refresh;principle:platform_leverage","Refocus on leverage","Prioritize platform bets with ecosystem leverage; sunset distractions and align resources to usage and NPS."
"Tim Cook","situation:product_launch_crisis;principle:operational_excellence","Stabilize, then ship","Stand up a cross-functional SWAT, triage defects, protect customer experience, and communicate timelines clearly."
"Tim Cook","situation:supply_chain_shock;principle:resilience","Reroute and buffer","Rebalance suppliers, adjust build plans, increase buffers, and protect quality over speed if required."
"Tim Cook","situation:pricing_backlash;principle:trust","Value clarity","Communicate value improvements, consider targeted pricing adjustments, and protect long-term customer trust."
"Mark Zuckerberg","situation:product_strategy;principle:move_fast","Ship and iterate","Release early with core functionality, gather usage data, and iterate rapidly based on engagement metrics."
"Mark Zuckerberg","situation:competitive_attack;principle:build_buy_copy","Build-buy-copy response","Evaluate acquisition, feature cloning, or internal build options; prioritize based on time-to-market and network effects."
"Mark Zuckerberg","situation:regulatory_pressure;principle:community","Community standards defense","Publish clear standards, invest in enforcement systems, and demonstrate measurable progress with transparent metrics."
"Elon Musk","situation:production_crisis;principle:first_principles","Sleep on the factory floor","Relocate to the production line, eliminate constraints through first principles, and drive 24/7 engineering until fixed."
"Elon Musk","situation:cash_flow_crisis;principle:extreme_cost_focus","Hardcore cost cutting","Cut all non-essential spending, renegotiate supplier terms, and personally approve every expense above threshold."
"Elon Musk","situation:engineering_roadblock;principle:physics_first","Physics-first problem solving","Break down to physics first principles, eliminate artificial constraints, and test radical alternatives in parallel."
"Reed Hastings","situation:talent_management;principle:talent_density","Raise talent bar","Replace adequate performers with stunning colleagues; pay top-of-market; provide radical candor feedback."
"Reed Hastings","situation:strategy_refresh;principle:focus","Streaming-only focus","Cut distractions ruthlessly; focus resources on streaming; provide context, not control to leaders."
"Reed Hastings","situation:content_strategy;principle:creative_freedom","Maximize creative freedom","Provide context, not control; trust informed captains; measure through engagement and retention."
"Jensen Huang","situation:product_strategy;principle:architecture_first","Architecture-led roadmap","Set multi-year architecture vision; focus on platform leverage; make bold technical bets with clear milestones."
"Jensen Huang","situation:competitive_attack;principle:technical_excellence","Accelerate the roadmap","Double down on technical excellence; demonstrate architectural advantages; ship developer-focused improvements."
"Jensen Huang","situation:engineering_roadblock;principle:intellectual_honesty","Technical honesty reset","Gather architects; confront reality; pivot implementation while keeping architectural north star."
"Bill Gates","situation:competitive_attack;principle:platform_leverage","Platform defense","Strengthen platform integration; accelerate developer tools; leverage ecosystem advantages."
"Bill Gates","situation:product_strategy;principle:technical_excellence","Technical deep dive","Immerse in technical details; challenge assumptions; set higher quality bar and feature roadmap."
"Bill Gates","situation:talent_management;principle:iq_focus","Hire the smartest","Recruit top technical minds; test for raw intellectual horsepower; promote from within based on technical merit."
"Warren Buffett","situation:acquisition_opportunity;principle:circle_competence","Circle of competence focus","Evaluate against clear investment criteria; calculate intrinsic value with margin of safety; walk away if uncertain."
"Warren Buffett","situation:market_downturn;principle:contrarian_thinking","Be greedy when others fearful","Maintain cash reserves; identify quality businesses at discount; act decisively when values emerge."
"Warren Buffett","situation:succession_planning;principle:decentralized_autonomy","Manager autonomy","Delegate fully to trusted operators; maintain minimal oversight; evaluate based on capital allocation efficiency."
"Larry Page","situation:product_strategy;principle:moonshot_thinking","10x improvement focus","Target order-of-magnitude improvements; allocate resources to ambitious technical bets; measure against user impact."
"Larry Page","situation:organizational_design;principle:engineering_led","Engineering-led culture","Minimize management overhead; empower technical decision makers; optimize for technical impact and velocity."
"Larry Page","situation:competitive_attack;principle:technical_moats","Build technical moats","Double down on technical advantages; accelerate R&D in core areas; leverage data and scale advantages."
"Sergey Brin","situation:emerging_technology;principle:unconventional_thinking","Explore unconventional paths","Allocate resources to experimental technologies; encourage playful exploration; measure against breakthrough potential."
"Sergey Brin","situation:ethical_dilemma;principle:do_no_evil","Ethical boundaries first","Establish clear ethical principles; walk away from problematic opportunities; prioritize long-term user trust."
"Sergey Brin","situation:talent_management;principle:creative_intelligence","Optimize for creativity","Hire for creative problem-solving; create space for unconventional thinking; evaluate based on novel solutions."
"Andy Grove","situation:strategic_inflection;principle:paranoid_vigilance","Anticipate inflection points","Study industry trends; identify strategic inflection points; pivot before competitors."
"Andy Grove","situation:performance_management;principle:confrontational_candor","Constructive confrontation","Provide direct, data-based feedback; confront underperformance immediately; focus on output metrics."
"Andy Grove","situation:competitive_attack;principle:paranoid_preparation","Prepare for worst case","Analyze competitor moves; develop contingency plans; maintain manufacturing excellence."
"Marc Benioff","situation:values_conflict;principle:stakeholder_capitalism","Values-based decision","Align with core values; consider all stakeholders; communicate purpose-driven rationale."
"Marc Benioff","situation:acquisition_strategy;principle:culture_alignment","Culture-first integration","Evaluate cultural fit; integrate through values alignment; maintain Ohana principles."
"Marc Benioff","situation:social_issue;principle:business_platform_change","Business as platform for change","Take public stance on social issues; leverage company resources; align with core values."
"Jack Welch","situation:business_portfolio;principle:number_one_two","Number one or two strategy","Evaluate market position; invest in #1-2 businesses; divest the rest."
"Jack Welch","situation:performance_management;principle:vitality_curve","Differentiate talent","Rank employees; reward top 20%; coach middle 70%; remove bottom 10%."
"Jack Welch","situation:operational_excellence;principle:workout","Work-Out process","Gather cross-functional teams; eliminate bureaucracy; implement immediately."
"Jamie Dimon","situation:financial_crisis;principle:fortress_balance_sheet","Maintain fortress balance sheet","Preserve capital strength; manage liquidity; prepare for worst-case scenarios."
"Jamie Dimon","situation:competitive_attack;principle:operational_excellence","Operational excellence defense","Improve client service; optimize efficiency ratio; maintain risk discipline."
"Jamie Dimon","situation:talent_management;principle:character_capability","Character and capability focus","Evaluate integrity first; assess capability second; develop through stretch assignments."
"Sam Walton","situation:cost_management;principle:frugality","Relentless cost cutting","Scrutinize every expense; negotiate aggressively with suppliers; pass savings to customers."
"Sam Walton","situation:competitor_analysis;principle:best_practice_sharing","Steal good ideas","Visit competitor stores; adopt and improve best practices; share learnings across stores."
"Sam Walton","situation:associate_motivation;principle:servant_leadership","Celebrate associates","Share profits; recognize achievements publicly; lead by example through store visits."
"Howard Schultz","situation:brand_crisis;principle:mission_reconnection","Return to core mission","Reconnect to founding values; retrain on coffee quality; close stores for training if needed."
"Howard Schultz","situation:employee_benefits;principle:partner_first","Expand partner benefits","Provide healthcare for part-timers; offer stock options; create education programs."
"Howard Schultz","situation:store_experience;principle:third_place","Enhance store experience","Focus on human connection; create community gathering spaces; maintain coffee quality standards."
"Henry Ford","situation:manufacturing_innovation;principle:assembly_line","Implement assembly line","Break production into specialized tasks; standardize processes; optimize for efficiency."
"Henry Ford","situation:wage_policy;principle:five_dollar_day","Introduce higher wages","Pay workers enough to afford the product; reduce turnover; increase productivity."
"Henry Ford","situation:vertical_integration;principle:standardization","Vertical integration","Control entire supply chain; standardize components; drive down costs through scale."
"John D. Rockefeller","situation:industry_consolidation;principle:systematic_integration","Consolidate industry","Acquire competitors systematically; integrate operations; eliminate redundancies."
"John D. Rockefeller","situation:cost_management;principle:efficiency_focus","Eliminate waste","Track every expense; reuse byproducts; standardize processes across operations."
"John D. Rockefeller","situation:market_volatility;principle:vertical_integration","Stabilize through integration","Control entire supply chain; buffer against market swings; maintain pricing power."
"Andrew Carnegie","situation:industry_consolidation;principle:vertical_integration","Vertical integration strategy","Acquire suppliers and distributors; control entire production chain; drive down costs."
"Andrew Carnegie","situation:labor_relations;principle:cost_leadership","Hard line on labor","Maintain cost leadership; resist union demands; automate where possible."
"Andrew Carnegie","situation:philanthropy;principle:wealth_distribution","Strategic philanthropy","Build libraries and educational institutions; distribute wealth systematically; focus on self-improvement."
"Ray Kroc","situation:franchise_selection;principle:system_adherence","Select franchisees carefully","Choose operators who follow the system; verify financial capability; train extensively."
"Ray Kroc","situation:operational_consistency;principle:qscv","Enforce QSC&V standards","Implement detailed operational manuals; conduct regular inspections; recognize top performers."
"Ray Kroc","situation:real_estate_strategy;principle:location_focus","Location-first strategy","Secure prime real estate; control property; standardize site selection criteria."
"Phil Knight","situation:athlete_partnership;principle:endorsement_strategy","Athlete endorsement strategy","Sign influential athletes; build products around them; create authentic storytelling."
"Phil Knight","situation:manufacturing_crisis;principle:supply_chain_focus","Supply chain management","Diversify manufacturing partners; maintain quality standards; balance cost and reliability."
"Phil Knight","situation:brand_positioning;principle:athlete_first","Athlete-first innovation","Develop products with elite athlete input; focus on performance; create authentic brand stories."
"Richard Branson","situation:new_market_entry;principle:customer_pain_point","Disrupt established industry","Identify customer pain points; create better experience; leverage brand personality."
"Richard Branson","situation:brand_building;principle:publicity_stunts","High-profile publicity","Create memorable brand moments; personally lead adventures; generate free publicity."
"Richard Branson","situation:employee_engagement;principle:fun_workplace","Create fun workplace","Eliminate bureaucracy; empower employees; celebrate successes; maintain work-life balance."
"Indra Nooyi","situation:product_portfolio;principle:performance_purpose","Healthier portfolio transformation","Reformulate products for health; invest in sustainability; maintain growth targets."
"Indra Nooyi","situation:stakeholder_management;principle:inclusive_leadership","Stakeholder balancing","Listen to diverse perspectives; communicate authentically; make purpose-driven decisions."
"Indra Nooyi","situation:emerging_markets;principle:global_perspective","Emerging market strategy","Adapt products to local tastes; develop local talent; invest in sustainable infrastructure."
"Ursula Burns","situation:legacy_transformation;principle:operational_discipline","Transform legacy business","Face difficult realities; make tough decisions; communicate directly; maintain operational focus."
"Ursula Burns","situation:diversity_inclusion;principle:authentic_leadership","Promote diversity","Set clear metrics; lead authentically; create inclusive environment; develop diverse talent."
"Ursula Burns","situation:acquisition_integration;principle:transformation_focus","Post-merger integration","Focus on operational synergies; maintain customer relationships; communicate transformation milestones."
"Yvon Chouinard","situation:environmental_crisis;principle:business_responsibility","Environmental activism","Take public stance on environmental issues; leverage company resources; align with core values."
"Yvon Chouinard","situation:product_design;principle:quality_durability","Product durability focus","Design for repair; use highest quality materials; test extensively in real conditions."
"Yvon Chouinard","situation:growth_pressure;principle:responsible_growth","Limit growth","Grow only when necessary; maintain quality standards; prioritize environmental impact over profits."
"Sara Blakely","situation:market_entry;principle:customer_pain_point","Solve women's problems","Identify unmet needs; prototype solutions; test with real customers; persist through rejection."
"Sara Blakely","situation:retail_expansion;principle:controlled_distribution","Strategic retail placement","Target premium retailers; maintain brand positioning; control product presentation."
"Sara Blakely","situation:brand_building;principle:authentic_storytelling","Authentic brand story","Share founder journey; connect personally with customers; maintain authenticity in marketing."
"Oprah Winfrey","situation:audience_connection;principle:authentic_vulnerability","Authentic connection","Share personal stories; demonstrate vulnerability; create safe space for guests."
"Oprah Winfrey","situation:platform_building;principle:purpose_alignment","Platform leverage","Create platforms for diverse voices; maintain editorial standards; align with core purpose."
"Oprah Winfrey","situation:brand_extension;principle:authentic_growth","Brand extension","Only expand into areas aligned with core values; maintain personal connection; ensure quality."
"Tony Hsieh","situation:customer_service;principle:wow_experience","Wow experience creation","Empower service team; remove policy barriers; create memorable moments; measure happiness."
"Tony Hsieh","situation:culture_building;principle:core_values","Culture by design","Define core values; hire and fire based on values; celebrate values-aligned behaviors."
"Tony Hsieh","situation:community_development;principle:holistic_approach","Community investment","Integrate business with community; invest in urban renewal; create ecosystem of happiness."
"Sundar Pichai","situation:product_launch_crisis;principle:quality","Quality bar first","Hold the launch if needed, fix reliability and safety issues, and communicate user impact and timeline clearly."
"Sundar Pichai","situation:strategy_refresh;principle:ai_first","AI‑first focus","Recenter on AI‑first user benefit, simplify portfolio, and redirect resources to highest‑impact product areas."
"Sundar Pichai","situation:competitive_attack;principle:helpfulness","Compete on helpfulness","Improve relevance, latency, and safety; ship helpful features fast with measured rollouts and guardrails."
"Mary Barra","situation:product_launch_crisis;principle:safety_first","Stop and fix","Pause shipments if necessary, triage defects, verify fixes at plant, and communicate transparently to customers."
"Mary Barra","situation:supply_chain_shock;principle:resilience","Protect launch quality","Re-sequence builds, qualify alternates, and buffer critical components to protect customer experience."
"Mary Barra","situation:regulatory_pressure;principle:accountability","Own it with data","Own root cause, implement layered checks, verify in the field, and report progress with metrics."

